{"cameraMode":{"drawMode":0,"name":"Shaded","section":"Shading Mode"},"sceneLighting":false,"audioPlay":false,"sceneViewState":{"m_AlwaysRefresh":false,"showFog":true,"showSkybox":false,"showFlares":true,"showImageEffects":true,"showParticleSystems":true,"showVisualEffectGraphs":true,"m_FxEnabled":true},"in2DMode":false,"pivot":{"x":-2.5594005584716799,"y":-1.0979349613189698,"z":-0.7709470987319946},"rotation":{"x":-0.11513527482748032,"y":0.7893312573432922,"z":-0.15624646842479707,"w":-0.5825758576393127},"size":1.4660253524780274,"orthographic":false}